,City,Lat,Lng,Max Temp,Humidity,Cloudiness,Wind Speed,Country,Date
0,kaitangata,-46.2817,169.8464,55.0,76,100,13.0,NZ,1619728647
1,rikitea,-23.1203,-134.9692,76.48,68,99,10.13,PF,1619728648
2,hilo,19.7297,-155.09,80.6,57,20,3.44,US,1619728381
3,hermanus,-34.4187,19.2345,55.99,74,80,3.0,ZA,1619728648
4,ushuaia,-54.8,-68.3,42.8,56,20,5.75,AR,1619728650
5,caravelas,-17.7125,-39.2481,74.66,78,60,11.25,BR,1619728651
6,victoria,22.2855,114.1577,73.99,85,100,3.89,HK,1619728651
7,vaini,-21.2,-175.2,75.2,100,90,10.36,TO,1619728651
8,khandyga,62.6667,135.6,31.26,99,100,2.51,RU,1619728652
9,barrow,71.2906,-156.7887,21.2,86,90,9.22,US,1619728653
10,bunia,1.5667,30.25,65.43,84,99,0.81,CD,1619728654
11,longyearbyen,78.2186,15.6401,21.2,58,40,13.8,SJ,1619728654
12,hithadhoo,-0.6,73.0833,83.52,72,96,8.37,MV,1619728655
13,kitimat,54.0524,-128.6534,50.0,96,100,2.51,CA,1619728655
14,winneba,5.3511,-0.6231,82.4,83,0,9.22,GH,1619728655
15,banda aceh,5.5577,95.3222,79.99,79,89,2.19,ID,1619728656
16,yellowknife,62.456,-114.3525,28.0,59,20,11.5,CA,1619728656
17,punta arenas,-53.15,-70.9167,42.8,75,75,3.44,CL,1619728656
18,kodiak,57.79,-152.4072,42.8,81,90,5.75,US,1619728657
19,saint anthony,45.0205,-93.218,66.99,26,1,17.27,US,1619728657
20,bima,-8.4667,118.7167,71.8,88,65,3.47,ID,1619728658
21,atuona,-9.8,-139.0333,79.07,72,4,5.75,PF,1619728658
22,ketchikan,55.3422,-131.6461,48.2,93,90,27.63,US,1619728658
23,cape town,-33.9258,18.4232,57.0,82,0,5.75,ZA,1619728551
24,mahebourg,-20.4081,57.7,77.0,83,75,14.97,MU,1619728659
25,salvador,13.8333,-88.9167,86.0,61,40,14.97,SV,1619728660
26,los llanos de aridane,28.6585,-17.9182,69.8,68,20,3.44,ES,1619728660
27,pringsewu,-5.3582,104.9744,73.92,97,99,3.13,ID,1619728660
28,bethel,41.3712,-73.414,66.2,82,90,6.91,US,1619728661
29,qaanaaq,77.484,-69.3632,26.8,74,90,7.29,GL,1619728662
30,vardo,70.3705,31.1107,28.4,74,75,12.66,NO,1619728663
31,vostok,46.4856,135.8833,36.64,50,79,3.29,RU,1619728664
32,dikson,73.5069,80.5464,-2.13,99,96,7.23,RU,1619728664
33,new norfolk,-42.7826,147.0587,54.0,94,75,5.75,AU,1619728664
34,dolinsk,47.35,142.8,35.6,93,90,11.18,RU,1619728665
35,khatanga,71.9667,102.5,30.13,94,100,8.3,RU,1619728665
36,mar del plata,-38.0023,-57.5575,71.6,60,0,17.27,AR,1619728611
37,jamestown,42.097,-79.2353,54.0,94,90,12.66,US,1619728666
38,mount isa,-20.7333,139.5,64.4,59,40,6.91,AU,1619728666
39,georgetown,5.4112,100.3354,80.01,94,20,5.75,MY,1619728667
40,narsaq,60.9167,-46.05,44.6,61,20,5.75,GL,1619728667
41,kemi,65.8596,24.8228,32.0,86,0,4.61,FI,1619728667
42,korla,41.7597,86.1469,68.7,16,0,5.03,CN,1619728668
43,kapaa,22.0752,-159.319,77.0,61,1,11.5,US,1619728668
44,riyadh,24.6877,46.7219,80.6,22,0,4.61,SA,1619728537
45,thompson,55.7435,-97.8558,33.8,40,75,14.97,CA,1619728669
46,port alfred,-33.5906,26.891,64.45,75,100,12.41,ZA,1619728669
47,powell river,49.8496,-124.5361,59.0,67,90,9.22,CA,1619728670
48,sokolo,14.7328,-6.1219,100.29,18,88,3.33,ML,1619728671
49,avera,33.194,-82.5271,82.4,54,40,9.22,US,1619728554
50,mataura,-46.1927,168.8643,52.0,87,100,8.99,NZ,1619728672
51,coahuayana,18.7333,-103.6833,84.2,48,90,9.22,MX,1619728673
52,zunyi,27.6867,106.9072,58.48,81,5,2.62,CN,1619728674
53,touros,-5.1989,-35.4608,80.6,78,75,9.22,BR,1619728675
54,colomi,-17.35,-65.8667,73.4,33,40,3.44,BO,1619728676
55,whittlesea,-32.1759,26.8244,52.38,92,100,3.83,ZA,1619728678
56,hobart,-42.8794,147.3294,54.0,94,75,5.75,AU,1619728678
57,aspindza,41.5739,43.2483,53.19,85,100,1.34,GE,1619728679
58,kenai,60.5544,-151.2583,42.8,93,90,16.11,US,1619728679
59,torbay,47.6666,-52.7314,48.0,66,75,9.22,CA,1619728528
60,aracaju,-10.9111,-37.0717,82.4,69,40,9.22,BR,1619728682
61,chokurdakh,70.6333,147.9167,3.72,98,95,3.29,RU,1619728683
62,melfi,40.9965,15.6514,54.0,77,17,1.01,IT,1619728684
63,kutum,14.2,24.6667,80.13,12,54,8.43,SD,1619728684
64,arraial do cabo,-22.9661,-42.0278,69.8,83,75,5.75,BR,1619728684
65,san quintin,30.4833,-115.95,71.04,51,0,11.86,MX,1619728685
66,husavik,66.0449,-17.3389,37.4,87,20,13.8,IS,1619728685
67,bengkulu,-3.8004,102.2655,75.45,91,91,5.01,ID,1619728687
68,duncan,34.5023,-97.9578,71.01,64,1,17.27,US,1619728691
69,axim,4.8699,-2.2405,81.27,79,100,5.37,GH,1619728691
70,carnarvon,-24.8667,113.6333,69.8,88,40,8.05,AU,1619728692
71,bredasdorp,-34.5322,20.0403,55.4,82,96,4.61,ZA,1619728692
72,severo-kurilsk,50.6789,156.125,36.41,86,43,4.36,RU,1619728692
73,xuddur,4.1213,43.8894,75.88,80,95,9.69,SO,1619728693
74,tuktoyaktuk,69.4541,-133.0374,23.0,74,20,17.27,CA,1619728693
75,haverfordwest,51.8017,-4.9691,46.0,79,18,4.0,GB,1619728694
76,qaqortoq,60.7167,-46.0333,44.6,61,20,5.75,GL,1619728694
77,balabac,7.9868,117.0645,81.55,78,46,10.22,PH,1619728694
78,luzhou,28.8724,105.4405,67.23,79,0,1.66,CN,1619728696
79,xacmaz,41.4635,48.806,56.26,60,100,2.75,AZ,1619728698
80,phan thiet,10.9333,108.1,76.32,86,28,5.59,VN,1619728698
81,avarua,-21.2078,-159.775,82.4,83,20,8.05,CK,1619728698
82,marrakesh,31.6315,-8.0083,68.0,52,75,12.66,MA,1619728699
83,butaritari,3.0707,172.7902,83.21,76,100,15.82,KI,1619728699
84,namatanai,-3.6667,152.4333,79.99,81,64,5.26,PG,1619728700
85,faanui,-16.4833,-151.75,81.5,73,68,7.31,PF,1619728700
86,bongandanga,1.5,21.05,71.17,97,100,2.89,CD,1619728700
87,cabo san lucas,22.8909,-109.9124,84.0,35,1,9.22,MX,1619728550
88,port blair,11.6667,92.75,81.0,77,100,4.99,IN,1619728702
89,isangel,-19.55,169.2667,68.0,100,75,15.17,VU,1619728703
90,beringovskiy,63.05,179.3167,28.45,70,93,3.38,RU,1619728703
91,hamilton,39.1834,-84.5333,66.2,88,90,13.8,US,1619728704
92,norman wells,65.282,-126.8329,41.0,38,75,11.5,CA,1619728704
93,sisophon,13.5859,102.9737,76.98,88,100,3.96,KH,1619728705
94,pisco,-13.7,-76.2167,69.01,83,0,9.22,PE,1619728706
95,new delhi,28.6128,77.2311,93.99,32,40,3.44,IN,1619728707
96,shishou,29.7226,112.419,64.24,82,0,10.4,CN,1619728710
97,lompoc,34.6391,-120.4579,79.0,49,8,16.11,US,1619728563
98,qui nhon,13.7667,109.2333,74.97,90,100,5.23,VN,1619728710
99,eureka,40.8021,-124.1637,62.01,73,100,7.0,US,1619728711
100,tuatapere,-46.1333,167.6833,52.0,87,97,8.99,NZ,1619728711
101,egvekinot,66.3167,-179.1667,21.92,76,9,2.06,RU,1619728712
102,fairbanks,64.8378,-147.7164,46.4,49,90,2.53,US,1619728493
103,palanpur,24.1667,72.4333,82.62,32,16,2.73,IN,1619728714
104,coquimbo,-29.9533,-71.3436,62.6,67,0,13.8,CL,1619728716
105,esperance,-33.8667,121.9,60.8,82,90,18.41,AU,1619728717
106,fernie,49.5,-115.0687,60.8,48,100,11.5,CA,1619728717
107,celestun,20.8667,-90.4,90.77,52,18,11.07,MX,1619728718
108,saint-pierre,-21.3393,55.4781,75.2,83,7,5.75,RE,1619728718
109,bluff,-46.6,168.3333,52.0,87,77,8.99,NZ,1619728719
110,ahipara,-35.1667,173.1667,59.54,71,0,2.91,NZ,1619728719
111,kuhdasht,33.535,47.6061,65.01,27,0,5.41,IR,1619728719
112,puerto ayora,-0.7393,-90.3518,80.6,74,40,19.57,EC,1619728720
113,hofn,64.2539,-15.2082,39.72,78,91,5.44,IS,1619728720
114,ponta do sol,32.6667,-17.1,57.99,71,67,6.96,PT,1619728721
115,vila velha,-20.3297,-40.2925,73.4,83,90,17.27,BR,1619728721
116,cayenne,4.9333,-52.3333,84.2,70,75,5.75,GF,1619728721
117,busselton,-33.65,115.3333,48.99,98,69,10.16,AU,1619728722
118,chuy,-33.6971,-53.4616,60.96,70,0,3.15,UY,1619728722
119,kirakira,-10.4544,161.9205,81.01,77,98,7.65,SB,1619728723
120,havelock,34.8791,-76.9013,80.6,54,1,19.57,US,1619728724
121,verkhoshizhemye,58.011,49.1038,31.42,81,44,4.14,RU,1619728724
122,uaua,-9.8414,-39.4817,79.48,60,98,14.65,BR,1619728726
123,bend,44.0582,-121.3153,80.01,15,100,3.0,US,1619728458
124,hasaki,35.7333,140.8333,59.0,82,75,8.05,JP,1619728728
125,sal rei,16.1833,-22.9167,73.4,73,40,17.27,CV,1619728730
126,yuci,37.6803,112.7319,46.4,46,0,6.71,CN,1619728730
127,bhadrachalam,17.6667,80.8833,81.32,46,0,3.56,IN,1619728730
128,broken hill,-31.95,141.4333,55.4,47,0,9.22,AU,1619728731
129,asau,46.4333,26.4,48.99,66,9,4.9,RO,1619728731
130,sahuaripa,29.05,-109.2333,83.34,13,10,8.19,MX,1619728732
131,okhotsk,59.3833,143.3,33.53,86,95,2.13,RU,1619728732
132,saucillo,28.0167,-105.2833,74.37,14,13,11.3,MX,1619728732
133,zhanakorgan,43.9098,67.2495,74.19,39,90,15.05,KZ,1619728733
134,cherskiy,68.75,161.3,21.16,93,100,5.66,RU,1619728733
135,sao jose da coroa grande,-8.8978,-35.1478,78.35,83,87,8.75,BR,1619728733
136,boa vista,2.8197,-60.6733,84.2,65,75,4.61,BR,1619728734
137,lano,10.1725,11.4715,91.33,24,63,2.46,NG,1619728734
138,komyshnya,50.1859,33.684,46.11,69,50,7.81,UA,1619728735
139,mana,5.6592,-53.7767,77.74,85,43,10.09,GF,1619728735
140,waitati,-45.75,170.5667,54.0,85,100,14.0,NZ,1619728735
141,lannion,48.75,-3.4167,44.6,76,0,3.44,FR,1619728736
142,port elizabeth,-33.918,25.5701,57.2,94,90,12.66,ZA,1619728736
143,normandin,48.8333,-72.5321,62.6,31,2,3.44,CA,1619728736
144,tasiilaq,65.6145,-37.6368,32.0,93,75,4.61,GL,1619728737
145,ribeira grande,38.5167,-28.7,59.0,72,20,9.22,PT,1619728737
146,vestmannaeyjar,63.4427,-20.2734,44.01,78,98,9.33,IS,1619728737
147,sobolevo,54.4299,31.8996,43.81,82,100,9.57,RU,1619728738
148,itarema,-2.9248,-39.9167,77.86,84,85,10.11,BR,1619728738
149,albany,42.6001,-73.9662,57.0,90,100,2.42,US,1619728571
150,atar,20.5169,-13.0499,86.47,28,100,8.37,MR,1619728739
151,solnechnyy,50.7214,136.6319,32.29,85,99,8.23,RU,1619728739
152,nanortalik,60.1432,-45.2371,39.38,80,13,8.37,GL,1619728739
153,sisimiut,66.9395,-53.6735,37.4,74,100,3.4,GL,1619728740
154,saskylakh,71.9167,114.0833,26.53,92,100,9.31,RU,1619728740
155,urumqi,43.801,87.6005,68.0,21,0,11.18,CN,1619728687
156,iqaluit,63.7506,-68.5145,33.8,93,90,10.36,CA,1619728447
157,novoagansk,61.9449,76.6625,34.38,96,94,5.61,RU,1619728741
158,saint-philippe,-21.3585,55.7679,75.2,83,38,5.75,RE,1619728741
159,dawson creek,55.7666,-120.2362,60.8,48,90,13.8,CA,1619728724
160,beni,0.5,29.4667,63.37,94,100,1.1,CD,1619728742
161,assare,-6.8744,-39.875,72.3,88,88,1.14,BR,1619728742
162,spencer,43.1414,-95.1444,69.8,21,1,23.02,US,1619728742
163,westport,41.1415,-73.3579,66.0,87,90,10.36,US,1619728456
164,prainha,-1.8,-53.48,82.89,65,67,3.4,BR,1619728743
165,mogocha,53.7333,119.7667,28.67,93,83,4.63,RU,1619728743
166,tianpeng,30.9866,103.9393,66.99,1,36,4.47,CN,1619728744
167,port lincoln,-34.7333,135.8667,63.01,67,15,10.4,AU,1619728570
168,boyabat,41.4689,34.7667,59.34,77,42,0.92,TR,1619728744
169,dalbandin,28.8947,64.4101,78.24,28,92,1.63,PK,1619728744
170,rabat,33.9911,-6.8401,64.0,63,40,3.44,MA,1619728745
171,puksoozero,62.5903,40.6066,30.31,84,100,5.64,RU,1619728745
172,steinbach,50.1667,8.5667,46.99,61,0,9.22,DE,1619728712
173,hovd,48.0056,91.6419,54.57,40,57,7.85,MN,1619728746
174,la ronge,55.1001,-105.2842,41.0,28,9,11.5,CA,1619728746
175,ormara,25.2088,64.6357,82.24,64,2,6.62,PK,1619728746
176,east london,-33.0153,27.9116,64.78,82,100,10.02,ZA,1619728747
177,codrington,-38.2667,141.9667,51.53,78,0,7.29,AU,1619728748
178,olafsvik,64.8945,-23.7142,41.02,75,100,3.74,IS,1619728748
179,upernavik,72.7868,-56.1549,33.51,65,89,2.75,GL,1619728749
180,krasnoselkup,65.7,82.4667,31.17,90,98,14.65,RU,1619728512
181,vysokogornyy,50.1167,139.15,34.0,98,100,1.86,RU,1619728749
182,havre-saint-pierre,50.2334,-63.5986,50.0,57,75,12.66,CA,1619728749
183,coihaique,-45.5752,-72.0662,62.6,63,40,10.36,CL,1619728750
184,mirpur sakro,24.5474,67.6277,82.4,74,20,11.5,PK,1619728750
185,kavieng,-2.5744,150.7967,82.58,74,47,6.98,PG,1619728750
186,barinas,8.6226,-70.2075,76.68,80,100,8.5,VE,1619728751
187,provideniya,64.3833,-173.3,30.2,64,0,4.47,RU,1619728751
188,huarmey,-10.0681,-78.1522,72.5,73,3,10.96,PE,1619728752
189,mayo,38.8876,-76.5119,82.0,61,75,8.05,US,1619728752
190,miri,4.4148,114.0089,77.0,94,40,2.3,MY,1619728693
191,ravar,31.2656,56.8055,76.01,31,100,4.32,IR,1619728753
192,sitka,57.0531,-135.33,48.2,87,90,13.8,US,1619728753
193,lorengau,-2.0226,147.2712,81.21,78,28,4.18,PG,1619728754
194,srednekolymsk,67.45,153.6833,28.67,94,100,6.15,RU,1619728754
195,namibe,-15.1961,12.1522,75.74,68,84,5.35,AO,1619728754
196,cabra,37.4725,-4.4421,59.0,65,49,3.94,ES,1619728755
197,dafeng,23.4517,108.5881,66.87,73,21,1.79,CN,1619728755
198,flin flon,54.7682,-101.865,41.0,26,1,13.8,CA,1619728755
199,araripina,-7.5761,-40.4983,73.67,77,97,5.3,BR,1619728756
200,talnakh,69.4865,88.3972,27.14,95,98,4.56,RU,1619728756
201,guiyang,26.5833,106.7167,53.6,82,0,2.24,CN,1619728584
202,west wendover,40.7391,-114.0733,71.6,23,1,9.22,US,1619728757
203,lebu,-37.6167,-73.65,59.83,84,97,7.11,CL,1619728758
204,leningradskiy,69.3833,178.4167,25.16,92,100,5.1,RU,1619728758
205,kamoke,31.9744,74.2244,82.4,44,40,5.75,PK,1619728759
206,gualeguaychu,-33.0094,-58.5172,64.72,63,0,5.57,AR,1619728503
207,pareora,-44.4871,171.2132,55.99,54,100,4.79,NZ,1619728760
208,taltal,-25.4,-70.4833,66.7,72,9,7.31,CL,1619728760
209,caimito,8.8123,-75.4107,85.44,62,98,6.67,CO,1619728761
210,magugu,-4.0167,35.7667,64.51,93,59,3.85,TZ,1619728762
211,san cristobal,7.7669,-72.225,75.2,100,75,5.75,VE,1619728762
212,nikolskoye,59.7035,30.7861,35.6,55,0,4.47,RU,1619728763
213,savona,44.3,8.2667,60.01,99,98,0.6,IT,1619728763
214,kahului,20.8947,-156.47,80.6,78,40,12.66,US,1619728764
215,babu,24.4167,111.5167,63.5,84,4,1.16,CN,1619728764
216,katsuura,35.1333,140.3,59.0,91,90,5.7,JP,1619728764
217,nueva gerona,21.8833,-82.8,85.37,58,9,14.18,CU,1619728589
218,tiksi,71.6872,128.8694,30.22,83,91,8.81,RU,1619728765
219,barrancabermeja,7.0653,-73.8547,79.25,79,100,1.21,CO,1619728677
220,ayan,56.45,138.1667,31.84,69,99,7.92,RU,1619728766
221,mount gambier,-37.8333,140.7667,48.2,93,0,6.91,AU,1619728767
222,paamiut,61.994,-49.6678,37.11,84,4,7.76,GL,1619728767
223,praia da vitoria,38.7333,-27.0667,62.6,55,20,9.98,PT,1619728768
224,laksham,23.2472,91.1425,77.72,87,2,6.98,BD,1619728768
225,castro,-24.7911,-50.0119,58.23,70,7,6.13,BR,1619728768
226,naze,28.3667,129.4833,63.19,73,0,10.65,JP,1619728769
227,rawson,-43.3002,-65.1023,67.64,49,98,5.19,AR,1619728663
228,prince albert,53.2001,-105.7677,50.0,18,40,19.57,CA,1619728769
229,prado,-17.3411,-39.2208,75.09,81,18,11.03,BR,1619728770
230,brae,60.3964,-1.353,41.0,75,75,10.36,GB,1619728770
231,richards bay,-28.783,32.0377,72.77,84,80,12.95,ZA,1619728655
232,kinshasa,-4.3246,15.3215,78.8,83,75,13.8,CD,1619728569
233,wahiawa,21.5028,-158.0236,78.01,68,90,5.75,US,1619728771
234,vargashi,55.3556,65.8467,41.13,65,7,9.75,RU,1619728771
235,killybegs,54.6333,-8.45,44.6,76,40,8.05,IE,1619728771
236,dakar,14.6937,-17.4441,69.8,88,0,16.11,SN,1619728632
237,ibra,22.6906,58.5334,79.57,37,97,4.9,OM,1619728772
238,bambous virieux,-20.3428,57.7575,77.0,83,75,14.97,MU,1619728772
239,taiyuan,37.8694,112.5603,46.4,46,0,6.71,CN,1619728773
240,half moon bay,37.4636,-122.4286,72.0,82,40,13.8,US,1619728591
241,lugoba,-6.45,38.3333,70.5,98,100,3.65,TZ,1619728774
242,sola,-13.8833,167.55,81.3,64,100,21.85,VU,1619728774
243,dharchula,29.85,80.5333,61.41,54,20,8.48,IN,1619728774
244,pokhara,28.2333,83.9833,72.36,22,24,7.54,NP,1619728742
245,burnie,-41.0667,145.9167,52.0,94,56,1.99,AU,1619728775
246,college,64.8569,-147.8028,46.4,49,75,8.05,US,1619728775
247,salinas,36.6777,-121.6555,69.8,46,1,16.11,US,1619728776
248,tilichiki,60.4667,166.1,31.62,99,100,0.54,RU,1619728776
249,lethem,3.3803,-59.7968,86.95,58,67,7.16,GY,1619728776
250,erzin,36.9559,36.2,66.0,86,11,1.79,TR,1619728777
251,san patricio,28.017,-97.5169,86.0,70,90,3.56,US,1619728777
252,portland,45.5234,-122.6762,73.99,37,75,4.61,US,1619727968
253,zaysan,47.4667,84.8667,64.0,25,21,7.56,KZ,1619728778
254,russellville,35.2784,-93.1338,73.4,73,75,6.91,US,1619728778
255,kamenka,51.3223,42.7678,42.01,62,16,6.85,RU,1619728778
256,guerrero negro,27.9769,-114.0611,76.55,38,0,13.73,MX,1619728779
257,kahuta,33.5913,73.3868,81.0,40,75,3.0,PK,1619728779
258,klaksvik,62.2266,-6.589,37.4,60,90,12.66,FO,1619728780
259,yako,12.9667,-2.2667,97.9,16,86,6.6,BF,1619728780
260,saint george,37.1041,-113.5841,82.0,13,1,4.61,US,1619728780
261,lloydminster,53.2835,-110.0016,42.8,49,90,4.61,CA,1619728781
262,deputatskiy,69.3,139.9,16.21,99,79,2.77,RU,1619728781
263,ulaangom,49.9811,92.0667,49.08,47,49,3.98,MN,1619728781
264,inhambane,-23.865,35.3833,75.2,88,20,4.61,MZ,1619728782
265,rincon,32.296,-81.2354,88.0,42,75,14.97,US,1619728782
266,sioux lookout,50.1001,-91.917,42.8,56,75,11.5,CA,1619728547
267,matay,28.419,30.7792,82.8,20,26,9.28,EG,1619728783
268,yar-sale,66.8333,70.8333,22.19,95,100,7.81,RU,1619728783
269,port hedland,-20.3167,118.5667,71.6,60,0,6.91,AU,1619728784
270,duluth,46.7833,-92.1066,63.0,33,1,17.27,US,1619728779
271,gigmoto,13.7796,124.39,74.73,82,100,2.37,PH,1619728784
272,belaya gora,68.5333,146.4167,27.25,85,99,1.97,RU,1619728785
273,honningsvag,70.9821,25.9704,28.4,93,90,17.27,NO,1619728785
274,kabul,34.5,69.4167,62.6,42,0,3.44,AF,1619728714
275,chapleau,47.8405,-83.4034,59.0,38,75,3.44,CA,1619728785
276,kapoeta,4.7717,33.5903,79.09,64,95,3.13,SS,1619728786
277,zhenlai,45.8495,123.2973,37.62,39,4,2.17,CN,1619728786
278,mafinga,-7.25,35.0667,69.75,68,91,4.88,TZ,1619728786
279,vila franca do campo,37.7167,-25.4333,57.2,67,20,10.36,PT,1619728787
280,pimentel,-6.8367,-79.9342,75.2,60,0,19.57,PE,1619728787
281,geraldton,-28.7667,114.6,68.0,73,40,11.5,AU,1619728788
282,clyde river,70.4692,-68.5914,26.6,100,90,11.5,CA,1619728788
283,airai,-8.9266,125.4092,59.11,90,91,2.04,TL,1619728788
284,rawah,34.4816,41.9093,81.46,21,4,9.62,IQ,1619728789
285,aitape,-3.1374,142.3475,78.57,84,95,3.83,PG,1619728789
286,sao filipe,14.8961,-24.4956,72.95,76,23,15.37,CV,1619728789
287,yei,4.095,30.6779,66.96,94,98,1.81,SS,1619728790
288,balaipungut,1.05,101.2833,73.45,98,100,3.22,ID,1619728790
289,coffs harbour,-30.3,153.1333,54.0,94,13,6.13,AU,1619728790
290,taywarah,33.35,64.4167,49.08,55,69,5.7,AF,1619728791
291,wamba,8.9333,8.6,83.62,48,73,1.86,NG,1619728791
292,balykshi,47.0667,51.8667,44.6,53,0,8.95,KZ,1619728792
293,faya,18.3851,42.4509,62.6,72,40,5.1,SA,1619728794
294,taoudenni,22.6783,-3.9836,95.99,16,68,18.3,ML,1619728795
295,aykhal,66.0,111.5,21.56,98,100,5.5,RU,1619728795
296,santa maria,-29.6842,-53.8069,73.4,49,0,9.22,BR,1619728795
297,marshall,34.3834,-86.3333,77.0,69,75,8.05,US,1619728796
298,cockburn town,21.4612,-71.1419,78.13,75,1,17.49,TC,1619728796
299,yiyang,28.5892,112.3283,64.4,79,0,6.26,CN,1619728797
300,kontagora,10.3999,5.4695,88.57,30,61,5.75,NG,1619728797
301,udankudi,8.4333,78.0167,82.92,75,14,6.69,IN,1619728798
302,gornyy,55.1153,83.9059,45.75,80,91,15.5,RU,1619728798
303,mitsamiouli,-11.3847,43.2844,81.14,78,11,6.85,KM,1619728798
304,gazli,40.1333,63.45,77.81,34,100,19.22,UZ,1619728799
305,jackson,42.4165,-122.8345,82.0,29,1,3.44,US,1619728661
306,walvis bay,-22.9575,14.5053,59.0,72,0,3.44,NA,1619728804
307,angola,-12.5,18.5,61.93,92,97,3.49,AO,1619728804
308,santa cruz,-17.8,-63.1667,78.8,41,20,17.27,BO,1619728703
309,tulagi,-9.0996,160.1476,81.16,74,72,9.01,SB,1619728805
310,yaqui,27.3667,-110.1667,89.6,10,1,13.8,MX,1619728805
311,ballina,-28.8667,153.5667,57.2,100,40,5.06,AU,1619728806
312,ashta,23.0167,76.7167,86.79,15,91,2.3,IN,1619728806
313,foam lake,51.65,-103.5343,44.6,29,25,5.75,CA,1619728806
314,yerbogachen,61.2767,108.0108,20.75,97,58,2.51,RU,1619728807
315,sringeri,13.4167,75.25,75.2,83,75,4.61,IN,1619728807
316,luderitz,-26.6481,15.1594,57.33,71,0,23.26,NA,1619728807
317,maraba,-5.3686,-49.1178,87.8,90,20,2.3,BR,1619728808
318,bonfim,3.0833,-59.95,86.11,60,98,1.25,BR,1619728808
319,ankara,39.9199,32.8543,68.0,45,0,6.91,TR,1619728526
320,bubaque,11.2833,-15.8333,78.12,71,7,15.82,GW,1619728809
321,waingapu,-9.6567,120.2641,74.37,80,22,4.99,ID,1619728809
322,roros,62.5747,11.3842,30.2,69,90,3.44,NO,1619728548
323,cascais,38.6979,-9.4215,57.99,67,20,8.05,PT,1619728598
324,beloha,-25.1667,45.05,74.07,69,0,7.45,MG,1619728810
325,sayanogorsk,53.0875,91.3997,47.62,96,100,1.72,RU,1619728811
326,victor harbor,-35.5667,138.6167,62.01,63,0,7.25,AU,1619728811
327,kavaratti,10.5669,72.642,84.0,75,23,6.31,IN,1619728811
328,jalu,29.0331,21.5482,84.79,9,20,7.54,LY,1619728813
329,aboisso,5.4678,-3.2071,78.78,89,100,4.21,CI,1619728813
330,ust-tsilma,65.441,52.1498,30.61,69,73,4.61,RU,1619728813
331,dingle,10.9995,122.6711,73.51,76,35,3.67,PH,1619728814
332,nome,64.5011,-165.4064,28.99,68,40,19.57,US,1619728814
333,burgeo,47.6167,-57.6152,40.21,87,100,8.79,CA,1619728814
334,lasa,46.6166,10.7002,59.0,100,75,8.05,IT,1619728815
335,broome,42.2506,-75.833,64.0,100,90,8.05,US,1619728815
336,lebanon,36.2081,-86.2911,70.0,100,75,10.36,US,1619728816
337,manta,-0.95,-80.7333,84.2,70,40,12.66,EC,1619728807
338,hambantota,6.1241,81.1185,78.8,100,40,2.3,LK,1619728816
339,rovaniemi,66.5,25.7167,32.0,74,90,11.5,FI,1619728816
340,chenghai,23.4632,116.768,68.0,88,75,2.24,CN,1619728817
341,posse,-14.0931,-46.3694,75.18,64,100,3.96,BR,1619728817
342,rocha,-34.4833,-54.3333,60.44,78,0,1.88,UY,1619728766
343,baie-comeau,49.2168,-68.1489,51.8,50,1,9.22,CA,1619728818
344,hay river,60.8156,-115.7999,39.2,30,40,10.36,CA,1619728693
345,yulara,-25.2406,130.9889,51.8,50,5,5.75,AU,1619728818
346,puerto del rosario,28.5004,-13.8627,69.8,68,40,4.61,ES,1619728819
347,novikovo,51.1537,37.8879,46.15,61,74,6.35,RU,1619728819
348,fortuna,40.5982,-124.1573,64.0,72,1,11.5,US,1619728819
349,marienburg,54.0359,19.0266,50.0,100,100,6.89,PL,1619728820
350,jishou,28.3167,109.7167,63.21,83,0,2.08,CN,1619728820
351,natal,-5.795,-35.2094,80.6,83,40,9.22,BR,1619728546
352,colares,38.7992,-9.4469,57.99,67,20,8.05,PT,1619728821
353,impfondo,1.6381,18.0667,73.81,89,94,1.41,CG,1619728821
354,tura,25.5198,90.2201,78.3,37,5,2.48,IN,1619728821
355,te anau,-45.4167,167.7167,51.44,94,100,4.0,NZ,1619728822
356,serenje,-13.2325,30.2352,60.64,94,27,3.91,ZM,1619728822
357,la rioja,42.25,-2.5,50.0,87,90,5.75,ES,1619728822
358,necochea,-38.5473,-58.7368,65.89,65,27,9.64,AR,1619728823
359,palembang,-2.9167,104.7458,73.94,97,93,3.06,ID,1619728823
360,athabasca,54.7169,-113.2854,39.2,87,100,5.75,CA,1619728824
361,bandarbeyla,9.4942,50.8122,83.52,76,37,8.59,SO,1619728824
362,berberati,4.2612,15.7922,69.62,96,46,3.62,CF,1619728824
363,kiama,-34.6833,150.8667,55.0,92,0,4.32,AU,1619728825
364,grand gaube,-20.0064,57.6608,73.99,90,17,8.01,MU,1619728825
365,tahta,26.7693,31.5021,82.4,10,0,6.91,EG,1619728825
366,ancud,-41.8697,-73.8203,63.0,77,75,16.11,CL,1619728826
367,acarau,-2.8856,-40.12,77.95,85,90,11.79,BR,1619728752
368,kununurra,-15.7667,128.7333,71.6,94,5,2.3,AU,1619728827
369,pevek,69.7008,170.3133,17.94,92,100,7.78,RU,1619728827
370,sarkand,45.41,79.9186,66.18,27,3,10.78,KZ,1619728827
371,ronneby,56.21,15.276,44.6,76,90,12.66,SE,1619728829
372,yarada,17.65,83.2667,77.0,83,40,3.44,IN,1619728831
373,parker,32.7668,-97.8003,64.0,96,100,5.01,US,1619728581
374,zhigansk,66.7697,123.3711,30.18,93,100,6.44,RU,1619728831
375,monywa,22.1167,95.1333,85.24,52,3,2.42,MM,1619728832
376,ilulissat,69.2167,-51.1,41.0,52,99,2.19,GL,1619728832
377,zhob,31.3411,69.4481,68.09,45,100,2.95,PK,1619728832
378,cedar city,37.6775,-113.0619,72.0,17,1,6.91,US,1619728833
379,dukat,62.55,155.55,23.67,92,100,4.43,RU,1619728834
380,nalut,30.3333,10.85,85.78,13,0,5.03,LY,1619728834
381,praia,14.9215,-23.5087,73.4,68,75,20.71,CV,1619728835
382,kapuskasing,49.4169,-82.4331,62.6,27,100,4.61,CA,1619728835
383,kruisfontein,-34.0033,24.7314,57.0,94,100,1.01,ZA,1619728836
384,dalnerechensk,45.9339,133.7225,44.28,55,93,4.47,RU,1619728836
385,adrar,20.5022,-10.0711,86.65,23,71,17.25,MR,1619728836
386,fushun,41.8558,123.9233,41.0,93,100,4.47,CN,1619728837
387,chirongui,-12.9319,45.1483,80.6,89,0,5.75,YT,1619728837
388,lufilufi,-13.8745,-171.5986,86.0,79,75,3.44,WS,1619728838
389,sulangan,11.1373,123.7228,81.07,74,27,3.53,PH,1619728838
390,dubai,25.2582,55.3047,87.8,42,0,8.05,AE,1619728673
391,karasjok,69.4719,25.5112,26.6,80,75,19.57,NO,1619728839
392,samana,19.2056,-69.3369,87.8,66,40,13.8,DO,1619728839
393,kropotkin,45.4375,40.5756,54.37,92,96,6.49,RU,1619728839
394,degtyarsk,56.704,60.0879,37.4,87,40,8.95,RU,1619728840
395,toamasina,-18.1667,49.3833,75.2,94,75,2.3,MG,1619728840
396,mahibadhoo,3.7833,72.9667,83.25,71,9,6.02,MV,1619728841
397,linxia,35.6003,103.2064,51.6,40,1,6.69,CN,1619728747
398,cururupu,-1.8283,-44.8683,76.6,89,100,2.86,BR,1619728841
399,canutama,-6.5339,-64.3831,79.81,85,100,2.8,BR,1619728842
400,oranjestad,12.524,-70.027,84.2,65,20,11.5,AW,1619728842
401,shimoda,34.6667,138.95,61.0,65,40,4.0,JP,1619728842
402,tambovka,50.0969,128.0489,32.0,80,40,8.95,RU,1619728843
403,santa isabel do rio negro,-0.4139,-65.0192,77.74,84,100,2.57,BR,1619728843
404,izazi,-7.2,35.7333,72.43,78,98,3.33,TZ,1619728844
405,ternate,0.8,127.4,80.64,76,100,1.86,ID,1619728844
406,vlcnov,49.5787,17.9546,57.2,72,0,6.91,CZ,1619728845
407,iquitos,-3.7481,-73.2472,82.4,78,75,5.75,PE,1619728845
408,biak,-0.9131,122.8766,75.94,82,87,2.73,ID,1619728846
409,dhidhdhoo,6.8833,73.1,83.16,74,100,6.91,MV,1619728822
410,marawi,7.9986,124.2928,75.99,86,56,5.99,PH,1619728847
411,bilma,18.6853,12.9164,87.17,7,0,11.03,NE,1619728849
412,inirida,3.8653,-67.9239,73.11,98,100,1.36,CO,1619728850
413,malatya,38.5,38.0,55.4,67,40,6.91,TR,1619728850
414,kachiry,53.0675,76.1036,47.19,60,18,7.4,KZ,1619728851
415,wakkanai,45.4094,141.6739,40.57,89,100,22.32,JP,1619728851
416,elat,29.5581,34.9482,86.0,17,0,16.11,IL,1619728852
417,siavonga,-16.5382,28.7088,75.29,62,12,4.63,ZM,1619728852
418,dudinka,69.4058,86.1778,26.78,98,99,3.56,RU,1619728853
419,kerman,30.2832,57.0788,68.13,33,100,2.08,IR,1619728802
420,vagur,61.4732,-6.8119,39.38,63,74,16.53,FO,1619728853
421,kushima,31.4583,131.2333,56.82,83,0,6.31,JP,1619728854
422,pangnirtung,66.1451,-65.7125,30.2,93,90,11.5,CA,1619728854
423,guantanamo,20.1444,-75.2092,86.0,62,40,21.85,CU,1619728854
424,opelousas,30.5335,-92.0815,89.6,55,40,12.66,US,1619728736
425,bereznik,62.8551,42.7072,32.36,77,99,4.97,RU,1619728855
426,khasan,42.4308,130.6434,43.27,68,100,5.55,RU,1619728855
427,mabaruma,8.2,-59.7833,74.19,96,93,5.08,GY,1619728856
428,kaa-khem,51.6833,94.7333,48.16,55,100,2.75,RU,1619728856
429,punalur,9.0,76.9333,84.2,84,75,1.23,IN,1619728856
430,bud,39.447,-86.1758,61.0,83,100,15.19,US,1619728857
431,makakilo city,21.3469,-158.0858,80.6,57,90,10.36,US,1619728857
432,teknaf,20.8624,92.3058,77.47,86,1,1.66,BD,1619728858
433,souillac,-20.5167,57.5167,77.0,83,75,14.97,MU,1619728858
434,lagoa,39.05,-27.9833,57.11,62,100,8.59,PT,1619728858
435,guymon,36.6828,-101.4816,75.2,22,1,19.57,US,1619728859
436,sept-iles,50.2001,-66.3821,50.0,53,75,10.36,CA,1619728859
437,mehran,33.1222,46.1646,62.6,34,0,6.91,IR,1619728860
438,labuhan,-6.8844,112.2051,76.44,90,62,7.27,ID,1619728860
439,caraquet,47.7941,-64.9386,55.4,44,16,4.61,CA,1619728860
440,olga,43.7444,135.2892,41.97,58,100,6.6,RU,1619728861
441,teguldet,57.3064,88.1667,42.49,90,100,7.87,RU,1619728861
442,kapustin yar,48.5831,45.7372,47.61,49,8,8.63,RU,1619728861
443,svetlyy,54.675,20.1347,48.2,93,90,8.95,RU,1619728862
444,port hardy,50.6996,-127.4199,51.8,87,90,16.11,CA,1619728862
445,constitucion,-35.3333,-72.4167,60.42,74,100,1.5,CL,1619728862
446,high level,58.5169,-117.136,41.0,45,75,13.8,CA,1619728863
447,fort nelson,58.8053,-122.7002,46.4,49,75,6.91,CA,1619728863
448,margate,51.3813,1.3862,44.01,63,64,3.13,GB,1619728865
449,honiara,-9.4333,159.95,78.93,77,57,4.14,SB,1619728865
450,padang,-0.9492,100.3543,75.69,92,100,3.85,ID,1619728865
451,ziro,27.6333,93.8333,52.63,62,23,3.0,IN,1619728866
452,onega,63.9061,38.1404,32.29,74,93,8.72,RU,1619728866
453,yavas,54.4159,42.8491,38.89,90,44,4.94,RU,1619728867
454,doctor juan leon mallorquin,-25.4,-55.2667,80.6,34,0,3.44,PY,1619728867
455,ust-omchug,61.15,149.6333,23.14,97,97,3.04,RU,1619728867
456,novorudnyy,51.5026,58.1873,42.8,61,0,11.18,RU,1619728868
457,polyarnyy,69.1989,33.4478,30.2,74,0,4.47,RU,1619728868
458,altamont,42.2068,-121.7372,78.01,23,1,3.44,US,1619728869
459,sovetskiy,61.3614,63.5842,35.71,92,91,5.06,RU,1619728869
460,tadine,-21.55,167.8833,74.84,55,28,14.79,NC,1619728870
461,melhus,63.2855,10.2781,39.0,67,73,1.01,NO,1619728870
462,nerchinskiy zavod,51.3088,119.61,27.34,95,86,4.25,RU,1619728870
463,karratha,-20.7377,116.8463,78.89,34,0,7.81,AU,1619728872
464,wajir,1.7471,40.0573,83.43,55,80,7.94,KE,1619728872
465,haapiti,-17.5667,-149.8667,86.0,66,20,3.44,PF,1619728873
466,novorzhev,57.0294,29.3338,41.45,89,100,4.29,RU,1619728873
467,sao joao da barra,-21.6403,-41.0511,73.4,88,75,9.22,BR,1619728873
468,burgos,42.3394,-3.7079,43.0,93,90,5.75,ES,1619728874
469,flinders,-34.5833,150.8552,53.01,89,0,1.01,AU,1619728874
470,ola,59.5833,151.2833,30.58,73,25,5.1,RU,1619728875
471,dandong,40.1292,124.3947,47.68,85,100,4.5,CN,1619728875
472,haines junction,60.7522,-137.5108,42.8,56,99,4.61,CA,1619728875
473,mogadouro,41.3403,-6.7119,46.99,73,100,1.99,PT,1619728876
474,shasta lake,40.6804,-122.3708,82.99,26,1,4.61,US,1619728876
475,woodstock,43.1334,-80.7497,51.01,93,100,3.44,CA,1619728626
476,vikulovo,56.8167,70.6107,40.93,66,3,9.24,RU,1619728877
477,kapit,2.0167,112.9333,73.72,99,100,1.7,MY,1619728877
478,cotacachi,0.3,-78.2667,64.4,68,75,12.66,EC,1619728877
479,costa rica,-23.4167,-54.65,71.8,41,0,3.96,BR,1619728878
480,yumen,40.2833,97.2,59.43,18,44,4.79,CN,1619728878
481,usinsk,65.9939,57.5281,27.19,69,100,2.89,RU,1619728878
482,laguna,38.421,-121.4238,89.01,20,1,5.75,US,1619728879
483,campos belos,-13.0367,-46.7717,77.43,62,65,2.77,BR,1619728879
484,hopewell,37.3043,-77.2872,82.99,52,98,8.99,US,1619728880
485,rosetta,31.4044,30.4164,69.8,68,0,4.61,EG,1619728880
486,zyryanovsk,49.7386,84.2719,56.25,65,99,2.53,KZ,1619728872
487,hirado,33.3597,129.5531,62.01,52,70,5.01,JP,1619728881
488,katangli,51.7102,143.2326,30.72,86,94,8.39,RU,1619728881
489,calvinia,-31.4707,19.776,49.15,77,1,6.46,ZA,1619728881
490,zadar,44.1197,15.2422,59.0,88,75,5.75,HR,1619728843
491,henties bay,-22.116,14.2845,59.0,84,0,7.0,NA,1619728882
492,lambarene,-0.7001,10.2406,76.12,93,100,3.2,GA,1619728882
493,palmer,42.1584,-72.3287,59.0,100,90,3.44,US,1619728883
494,bulungu,-4.55,18.6,71.2,97,100,2.84,CD,1619728883
495,saldanha,-33.0117,17.9442,59.0,67,0,13.8,ZA,1619728883
496,rio grande,-32.035,-52.0986,66.2,68,0,6.91,BR,1619728884
497,san antonio,29.4241,-98.4936,73.4,68,90,13.8,US,1619728803
498,cap-aux-meules,47.3821,-61.8597,42.8,75,18,4.61,CA,1619728884
499,maceio,-9.6658,-35.7353,82.4,74,20,11.5,BR,1619728885
500,matagami,49.7502,-77.6328,64.4,22,1,11.5,CA,1619728885
501,sao miguel do araguaia,-13.275,-50.1628,79.88,67,49,2.53,BR,1619728886
502,capinzal,-27.3436,-51.6119,62.62,52,0,3.6,BR,1619728886
503,igboho,8.8333,3.75,81.19,57,100,9.75,NG,1619728887
504,zhezkazgan,47.8043,67.7144,53.94,52,96,16.46,KZ,1619728887
505,wajima,37.4,136.9,50.97,88,100,3.33,JP,1619728888
506,dalnegorsk,44.5604,135.5701,42.28,52,100,2.21,RU,1619728883
507,sakakah,29.9697,40.2064,75.2,14,0,3.44,SA,1619728889
508,labuan,5.2767,115.2417,78.8,94,20,5.55,MY,1619728889
509,shache,38.4167,77.2406,67.24,11,2,6.17,CN,1619728889
510,port macquarie,-31.4333,152.9167,54.0,99,9,1.99,AU,1619728890
511,bonavista,48.6499,-53.1147,48.2,57,81,3.44,CA,1619728890
512,iskateley,67.6803,53.1512,23.88,90,84,3.02,RU,1619728890
513,mahajanga,-15.7167,46.3167,78.8,83,20,4.61,MG,1619728753
514,alofi,-19.0595,-169.9187,80.6,89,75,4.61,NU,1619728891
515,epe,6.5841,3.9834,79.34,82,100,5.66,NG,1619728891
516,catamarca,-28.4696,-65.7852,75.99,59,3,5.01,AR,1619728664
517,ampanihy,-24.7,44.75,72.95,62,6,4.27,MG,1619728892
518,whyalla,-33.0333,137.5833,46.4,93,0,4.61,AU,1619728893
519,paracatu,-17.2222,-46.8747,70.18,81,76,3.65,BR,1619728893
520,ambilobe,-13.2,49.05,73.96,92,18,3.29,MG,1619728895
521,abu dhabi,24.4667,54.3667,87.8,45,0,4.61,AE,1619728825
522,kerema,-7.9631,145.7785,75.33,84,90,2.15,PG,1619728896
523,ilo,-17.6394,-71.3375,68.32,75,1,7.31,PE,1619728896
524,le port,-20.9373,55.2919,75.2,94,75,13.8,RE,1619728901
525,saint-paul,-21.0096,55.2707,75.2,94,75,13.8,RE,1619728901
526,natitingou,10.3042,1.3796,85.6,43,98,5.59,BJ,1619728902
527,fare,-16.7,-151.0167,81.27,74,79,8.25,PF,1619728902
528,gibgos,13.859,123.7675,74.59,85,96,1.68,PH,1619728903
529,poum,-20.2333,164.0167,75.61,60,34,13.04,NC,1619728908
530,altay,47.8667,88.1167,57.02,47,62,7.61,CN,1619728910
531,barra do garcas,-15.89,-52.2567,89.6,37,0,2.51,BR,1619728910
532,saint-augustin,51.226,-58.6502,44.08,71,100,1.97,CA,1619728911
533,farafangana,-22.8167,47.8333,73.06,87,24,6.55,MG,1619728912
534,pacific grove,36.6177,-121.9166,69.01,63,1,10.36,US,1619728913
535,riviere-au-renard,48.9957,-64.3971,50.0,62,75,9.22,CA,1619728913
536,lantawan,10.6167,123.9833,78.8,83,75,0.45,PH,1619728914
537,berezovyy,51.6667,135.7,32.34,94,100,4.65,RU,1619728914
538,lalmohan,22.3384,90.7419,82.08,78,3,10.02,BD,1619728915
539,aketi,2.7388,23.7833,70.97,98,97,1.83,CD,1619728916
540,strezhevoy,60.7333,77.5889,35.6,100,0,8.95,RU,1619728917
541,la motte-servolex,45.5942,5.8758,53.6,87,90,3.44,FR,1619728917
542,corsicana,32.0954,-96.4689,80.6,65,90,9.22,US,1619728713
543,aksarka,66.5606,67.7975,23.92,95,100,8.01,RU,1619728920
544,rafraf,37.1904,10.1837,66.2,68,20,3.44,TN,1619728921
545,varhaug,58.6147,5.6457,45.0,62,62,8.08,NO,1619728923
546,nioro,13.35,-15.75,84.15,36,30,11.48,GM,1619728923
547,tortoli,39.9256,9.6572,60.8,94,0,2.3,IT,1619728924
548,naron,43.5167,-8.1528,54.0,76,40,5.75,ES,1619728929
549,san luis,-33.295,-66.3356,70.12,40,0,9.17,AR,1619728930
550,salekhard,66.53,66.6019,24.78,96,100,7.87,RU,1619728930
551,sar-e pul,35.8333,66.1667,64.36,35,14,6.33,AF,1619728931
552,bakel,14.905,-12.4568,100.71,13,38,14.88,SN,1619728931
